No,filename,diag_pred,diag_gt,age,site,sex
2,LMCI_135_S_4489_201706_01_FC,1,1,80.0,4,1
19,LMCI_006_S_4363_201111_06_FC,1,1,74.0,4,0
42,LMCI_009_S_4324_201807_01_FC,1,1,70.0,4,0
48,LMCI_019_S_4293_201510_06_FC,1,1,74.0,4,1
55,LMCI_006_S_4363_201111_07_FC,1,1,74.0,4,0
12,LMCI_006_S_4515_201209_06_FC,1,1,75.0,4,1
22,NC_018_S_4313_201603_04_FC,0,0,81.0,4,0
13,OAS30715_MR_d1230,0,0,52.813,5,1
25,LMCI_031_S_4203_201112_06_FC,1,1,75.0,4,0
35,AFM0469,0,0,60.0,3,1
62,LMCI_130_S_4542_201303_05_FC,1,1,80.0,4,0
4,LMCI_018_S_4889_201208_08_FC,1,1,76.0,4,1
49,LMCI_002_S_4654_201206_05_FC,1,1,76.0,4,0
0,LMCI_006_S_4346_201111_05_FC,1,1,71.0,4,1
31,NC_002_S_6007_201703_01_FC,1,0,77.0,4,0
28,LMCI_130_S_4250_201110_06_FC,1,1,79.0,4,1
14,NC_141_S_6042_201708_01_FC,0,0,61.0,4,0
58,LMCI_019_S_4293_201110_04_FC,1,1,70.0,4,1
33,OAS30486_MR_d1295,0,0,54.639,5,1
67,OAS30819_MR_d0572,0,0,72.099,5,0
41,LMCI_002_S_4251_201204_07_FC,1,1,73.0,4,1
29,LMCI_037_S_4214_201702_01_FC,1,1,80.0,4,1
7,OAS30992_MR_d0470,0,0,64.457,5,0
3,LMCI_130_S_4294_201111_06_FC,1,1,75.0,4,0
45,LMCI_036_S_4715_201710_01_FC,1,1,62.0,4,0
23,NC_135_S_6360_201805_01_FC,1,0,68.0,4,1
50,LMCI_035_S_4114_201709_01_FC,0,1,61.0,4,0
40,LMCI_130_S_4817_201207_05_FC,1,1,61.0,4,1
11,LMCI_007_S_4611_201604_01_FC,1,1,71.0,4,1
57,AFM0511,0,0,69.0,3,1
34,AFM0214,0,0,76.0,3,0
60,LMCI_031_S_4721_201208_05_FC,1,1,86.0,4,1
6,LMCI_006_S_4363_201202_05_FC,1,1,74.0,4,0
59,OAS30996_MR_d4705,0,0,62.606,5,0
21,LMCI_031_S_4029_201111_08_FC,1,1,62.0,4,1
65,OAS30367_MR_d4337,0,0,57.916,5,0
66,OAS30249_MR_d3431,0,0,50.79,5,1
64,LMCI_135_S_4722_201807_01_FC,1,1,74.0,4,0
38,OAS30096_MR_d0024,0,0,67.403,5,0
37,LMCI_013_S_4395_201208_05_FC,1,1,73.0,4,0
52,LMCI_006_S_4960_201305_08_FC,1,1,60.0,4,1
32,LMCI_129_S_4287_201210_06_FC,1,1,72.0,4,0
43,LMCI_006_S_4713_201306_06_FC,1,1,72.0,4,1
15,LMCI_136_S_4189_201311_07_FC,1,1,75.0,4,0
26,NC_941_S_4292_201708_01_FC,1,0,77.0,4,1
30,LMCI_006_S_4713_201208_07_FC,1,1,71.0,4,1
54,AFM0459,0,0,70.0,3,1
16,AFM0212,0,0,65.0,3,0
18,LMCI_130_S_4542_201203_05_FC,1,1,79.0,4,0
56,LMCI_135_S_4722_201706_01_FC,1,1,73.0,4,0
9,LMCI_012_S_4094_201709_01_FC,1,1,66.0,4,0
53,LMCI_035_S_4414_201710_01_FC,0,1,66.0,4,0
1,OAS30701_MR_d0054,0,0,45.977,5,0
44,OAS30808_MR_d3453,1,0,81.021,5,0
51,LMCI_130_S_4925_201304_05_FC,1,1,76.0,4,1
68,NC_098_S_4003_201711_01_FC,0,0,79.0,4,0
27,NC_037_S_0303_201705_01_FC,1,0,95.0,4,1
61,NC_012_S_4545_201209_05_FC,1,0,68.0,4,0
39,NC_100_S_4469_201404_05_FC,1,0,68.0,4,1
47,NC_168_S_6098_201710_01_FC,0,0,63.0,4,1
8,LMCI_031_S_4590_201303_05_FC,1,1,61.0,4,0
24,LMCI_027_S_4869_201705_01_FC,1,1,82.0,4,1
46,OAS31021_MR_d1318,0,0,61.511,5,1
5,LMCI_013_S_4595_201210_05_FC,1,1,77.0,4,1
63,LMCI_023_S_4115_201801_01_FC,1,1,74.0,4,1
36,LMCI_130_S_4250_201204_06_FC,1,1,79.0,4,1
10,LMCI_130_S_4925_201410_06_FC,1,1,77.0,4,1
20,NC_035_S_6306_201804_01_FC,1,0,73.0,4,1
17,OAS31028_MR_d1285,0,0,66.724,5,0
